Rouge;Rouge;Rouge;Rouge;Rouge;Rouge
Rouge;Rouge;Rouge;Rouge;Rouge;Violet
Rouge;Rouge;Rouge;Rouge;Violet;Rouge
Rouge;Rouge;Rouge;Rouge;Violet;Violet
Rouge;Rouge;Rouge;Violet;Rouge;Rouge
Rouge;Rouge;Rouge;Violet;Rouge;Violet
Rouge;Rouge;Rouge;Violet;Violet;Rouge
Rouge;Rouge;Rouge;Violet;Violet;Violet
Rouge;Rouge;Violet;Rouge;Rouge;Rouge
Rouge;Rouge;Violet;Rouge;Rouge;Violet
Rouge;Rouge;Violet;Rouge;Violet;Rouge
Rouge;Rouge;Violet;Rouge;Violet;Violet
Rouge;Rouge;Violet;Violet;Rouge;Rouge
Rouge;Rouge;Violet;Violet;Rouge;Violet
Rouge;Rouge;Violet;Violet;Violet;Rouge
Rouge;Rouge;Violet;Violet;Violet;Violet
Rouge;Violet;Rouge;Rouge;Rouge;Rouge
Rouge;Violet;Rouge;Rouge;Rouge;Violet
Rouge;Violet;Rouge;Rouge;Violet;Rouge
Rouge;Violet;Rouge;Rouge;Violet;Violet
Rouge;Violet;Rouge;Violet;Rouge;Rouge
Rouge;Violet;Rouge;Violet;Rouge;Violet
Rouge;Violet;Rouge;Violet;Violet;Rouge
Rouge;Violet;Rouge;Violet;Violet;Violet
Rouge;Violet;Violet;Rouge;Rouge;Rouge
Rouge;Violet;Violet;Rouge;Rouge;Violet
Rouge;Violet;Violet;Rouge;Violet;Rouge
Rouge;Violet;Violet;Rouge;Violet;Violet
Rouge;Violet;Violet;Violet;Rouge;Rouge
Rouge;Violet;Violet;Violet;Rouge;Violet
Rouge;Violet;Violet;Violet;Violet;Rouge
Rouge;Violet;Violet;Violet;Violet;Violet
Violet;Rouge;Rouge;Rouge;Rouge;Rouge
Violet;Rouge;Rouge;Rouge;Rouge;Violet
Violet;Rouge;Rouge;Rouge;Violet;Rouge
Violet;Rouge;Rouge;Rouge;Violet;Violet
Violet;Rouge;Rouge;Violet;Rouge;Rouge
Violet;Rouge;Rouge;Violet;Rouge;Violet
Violet;Rouge;Rouge;Violet;Violet;Rouge
Violet;Rouge;Rouge;Violet;Violet;Violet
Violet;Rouge;Violet;Rouge;Rouge;Rouge
Violet;Rouge;Violet;Rouge;Rouge;Violet
Violet;Rouge;Violet;Rouge;Violet;Rouge
Violet;Rouge;Violet;Rouge;Violet;Violet
Violet;Rouge;Violet;Violet;Rouge;Rouge
Violet;Rouge;Violet;Violet;Rouge;Violet
Violet;Rouge;Violet;Violet;Violet;Rouge
Violet;Rouge;Violet;Violet;Violet;Violet
Violet;Violet;Rouge;Rouge;Rouge;Rouge
Violet;Violet;Rouge;Rouge;Rouge;Violet
Violet;Violet;Rouge;Rouge;Violet;Rouge
Violet;Violet;Rouge;Rouge;Violet;Violet
Violet;Violet;Rouge;Violet;Rouge;Rouge
Violet;Violet;Rouge;Violet;Rouge;Violet
Violet;Violet;Rouge;Violet;Violet;Rouge
Violet;Violet;Rouge;Violet;Violet;Violet
Violet;Violet;Violet;Rouge;Rouge;Rouge
Violet;Violet;Violet;Rouge;Rouge;Violet
Violet;Violet;Violet;Rouge;Violet;Rouge
Violet;Violet;Violet;Rouge;Violet;Violet
Violet;Violet;Violet;Violet;Rouge;Rouge
Violet;Violet;Violet;Violet;Rouge;Violet
Violet;Violet;Violet;Violet;Violet;Rouge
Violet;Violet;Violet;Violet;Violet;Violet
